{
    "loss": [
        36.42008590698242,
        33.387481689453125,
        21.232797622680664,
        2.43123197555542,
        1.1282411813735962,
        1.3018324375152588,
        1.168724775314331,
        1.3109632730484009,
        1.442267656326294,
        1.0312563180923462,
        0.8900117874145508,
        0.7239958643913269,
        0.9242385029792786,
        1.067788004875183
    ],
    "sparse_categorical_accuracy": [
        0.0,
        0.0,
        0.0,
        0.8194595575332642,
        0.937976062297821,
        0.9134929180145264,
        0.9193870425224304,
        0.9072360992431641,
        0.8975335359573364,
        0.9246463775634766,
        0.9366158843040466,
        0.94840407371521,
        0.9327167272567749,
        0.9203844666481018
    ],
    "val_loss": [
        34.73617172241211,
        29.45039176940918,
        19.738523483276367,
        16.915908813476562,
        14.01891803741455,
        11.577094078063965,
        8.629446029663086,
        12.1659517288208,
        0.3050992786884308,
        0.2242995798587799,
        0.08245576918125153,
        5.7866692543029785,
        0.7829130291938782,
        1.738216757774353
    ],
    "val_sparse_categorical_accuracy": [
        0.0,
        0.0,
        0.0,
        0.0,
        0.008510638028383255,
        0.1480851024389267,
        0.34382978081703186,
        0.14212766289710999,
        0.9931914806365967,
        1.0,
        0.9982978701591492,
        0.5531914830207825,
        0.9438297748565674,
        0.8680850863456726
    ],
    "learning_rate": [
        0.0010000000474974513,
        0.0010000000474974513,
        0.0010000000474974513,
        0.0010000000474974513,
        0.0010000000474974513,
        0.0010000000474974513,
        0.0010000000474974513,
        0.0010000000474974513,
        0.0010000000474974513,
        0.0010000000474974513,
        0.0010000000474974513,
        0.0010000000474974513,
        0.0010000000474974513,
        0.0005000000237487257
    ],
    "strategy": "from_scratch",
    "epochs_actual": 14,
    "epochs_max": 20,
    "lr": 0.001,
    "num_classes": 100,
    "best_val_loss": 0.08245576918125153
}