{
    "accuracy": [
        0.7528499960899353,
        0.8439499735832214,
        0.8697500228881836,
        0.8812500238418579,
        0.8912000060081482,
        0.9067000150680542,
        0.9153000116348267,
        0.921500027179718,
        0.9297500252723694,
        0.9316999912261963
    ],
    "loss": [
        0.5039218068122864,
        0.3636491894721985,
        0.31776151061058044,
        0.285822331905365,
        0.2626112401485443,
        0.232636496424675,
        0.21389858424663544,
        0.19701869785785675,
        0.18089662492275238,
        0.16914673149585724
    ],
    "val_accuracy": [
        0.5,
        0.6600000262260437,
        0.7114999890327454,
        0.7360000014305115,
        0.7627500295639038,
        0.7572500109672546,
        0.7864999771118164,
        0.8100000023841858,
        0.7735000252723694,
        0.722000002861023
    ],
    "val_loss": [
        1.7387713193893433,
        0.9646230936050415,
        0.8313343524932861,
        0.6894938349723816,
        0.8579285144805908,
        0.6142216920852661,
        0.5462056994438171,
        0.5686029195785522,
        0.9282785654067993,
        0.7321934103965759
    ],
    "final_val_auc": 0.8515055000000001,
    "final_train_auc_subset": 0.9807723332380208
}